{
  "pipelineConfig" : {
    "schemaVersion" : 4,
    "version" : 7,
    "pipelineId" : "FirstPipeline7bb2d9bd-e2dd-4fc3-909f-581607d9a0fa",
    "title" : "FirstPipeline",
    "description" : "",
    "uuid" : "b70a8782-aaa6-410d-9fdb-2fc5e3f4659c",
    "configuration" : [ {
      "name" : "executionMode",
      "value" : "STANDALONE"
    }, {
      "name" : "deliveryGuarantee",
      "value" : "AT_LEAST_ONCE"
    }, {
      "name" : "startEventStage",
      "value" : "streamsets-datacollector-basic-lib::com_streamsets_pipeline_stage_destination_devnull_ToErrorNullDTarget::1"
    }, {
      "name" : "stopEventStage",
      "value" : "streamsets-datacollector-basic-lib::com_streamsets_pipeline_stage_destination_devnull_ToErrorNullDTarget::1"
    }, {
      "name" : "shouldRetry",
      "value" : true
    }, {
      "name" : "retryAttempts",
      "value" : -1
    }, {
      "name" : "memoryLimit",
      "value" : "${jvm:maxMemoryMB() * 0.65}"
    }, {
      "name" : "memoryLimitExceeded",
      "value" : "STOP_PIPELINE"
    }, {
      "name" : "notifyOnStates",
      "value" : [ "RUN_ERROR", "STOPPED", "FINISHED" ]
    }, {
      "name" : "emailIDs",
      "value" : [ ]
    }, {
      "name" : "constants",
      "value" : [ ]
    }, {
      "name" : "badRecordsHandling",
      "value" : "streamsets-datacollector-basic-lib::com_streamsets_pipeline_stage_destination_recordstolocalfilesystem_ToErrorLocalFSDTarget::1"
    }, {
      "name" : "errorRecordPolicy",
      "value" : "ORIGINAL_RECORD"
    }, {
      "name" : "workerCount",
      "value" : 0
    }, {
      "name" : "clusterSlaveMemory",
      "value" : 1024
    }, {
      "name" : "clusterSlaveJavaOpts",
      "value" : "-XX:+UseConcMarkSweepGC -XX:+UseParNewGC -Dlog4j.debug"
    }, {
      "name" : "clusterLauncherEnv",
      "value" : [ ]
    }, {
      "name" : "mesosDispatcherURL",
      "value" : null
    }, {
      "name" : "hdfsS3ConfDir",
      "value" : null
    }, {
      "name" : "rateLimit",
      "value" : 0
    }, {
      "name" : "maxRunners",
      "value" : 0
    }, {
      "name" : "webhookConfigs",
      "value" : [ ]
    }, {
      "name" : "sparkConfigs",
      "value" : [ ]
    }, {
      "name" : "statsAggregatorStage",
      "value" : "streamsets-datacollector-basic-lib::com_streamsets_pipeline_stage_destination_devnull_StatsDpmDirectlyDTarget::1"
    } ],
    "uiInfo" : {
      "previewConfig" : {
        "previewSource" : "SNAPSHOT_SOURCE",
        "batchSize" : "105",
        "timeout" : 10000,
        "writeToDestinations" : true,
        "executeLifecycleEvents" : false,
        "showHeader" : false,
        "showFieldType" : true,
        "rememberMe" : false,
        "snapshotInfo" : {
          "user" : "admin",
          "id" : "snapshot1510895994162",
          "label" : "Snapshot1",
          "name" : "FirstPipeline7bb2d9bd-e2dd-4fc3-909f-581607d9a0fa",
          "rev" : "0",
          "timeStamp" : 1510896013141,
          "inProgress" : false,
          "batchNumber" : 18
        }
      }
    },
    "stages" : [ {
      "instanceName" : "Directory_01",
      "library" : "streamsets-datacollector-basic-lib",
      "stageName" : "com_streamsets_pipeline_stage_origin_spooldir_SpoolDirDSource",
      "stageVersion" : "9",
      "configuration" : [ {
        "name" : "conf.dataFormatConfig.compression",
        "value" : "NONE"
      }, {
        "name" : "conf.dataFormatConfig.filePatternInArchive",
        "value" : "*"
      }, {
        "name" : "conf.dataFormatConfig.charset",
        "value" : "UTF-8"
      }, {
        "name" : "conf.dataFormatConfig.removeCtrlChars",
        "value" : false
      }, {
        "name" : "conf.dataFormatConfig.textMaxLineLen",
        "value" : 1024
      }, {
        "name" : "conf.dataFormatConfig.useCustomDelimiter",
        "value" : false
      }, {
        "name" : "conf.dataFormatConfig.customDelimiter",
        "value" : "\\r\\n"
      }, {
        "name" : "conf.dataFormatConfig.includeCustomDelimiterInTheText",
        "value" : false
      }, {
        "name" : "conf.dataFormatConfig.jsonContent",
        "value" : "MULTIPLE_OBJECTS"
      }, {
        "name" : "conf.dataFormatConfig.jsonMaxObjectLen",
        "value" : 4096
      }, {
        "name" : "conf.dataFormatConfig.csvFileFormat",
        "value" : "CSV"
      }, {
        "name" : "conf.dataFormatConfig.csvHeader",
        "value" : "WITH_HEADER"
      }, {
        "name" : "conf.dataFormatConfig.csvMaxObjectLen",
        "value" : 1024
      }, {
        "name" : "conf.dataFormatConfig.csvAllowExtraColumns",
        "value" : false
      }, {
        "name" : "conf.dataFormatConfig.csvExtraColumnPrefix",
        "value" : "_extra_"
      }, {
        "name" : "conf.dataFormatConfig.csvCustomDelimiter",
        "value" : "|"
      }, {
        "name" : "conf.dataFormatConfig.csvCustomEscape",
        "value" : "\\"
      }, {
        "name" : "conf.dataFormatConfig.csvCustomQuote",
        "value" : "\""
      }, {
        "name" : "conf.dataFormatConfig.csvEnableComments",
        "value" : false
      }, {
        "name" : "conf.dataFormatConfig.csvCommentMarker",
        "value" : "#"
      }, {
        "name" : "conf.dataFormatConfig.csvIgnoreEmptyLines",
        "value" : true
      }, {
        "name" : "conf.dataFormatConfig.csvRecordType",
        "value" : "LIST_MAP"
      }, {
        "name" : "conf.dataFormatConfig.csvSkipStartLines",
        "value" : 0
      }, {
        "name" : "conf.dataFormatConfig.parseNull",
        "value" : false
      }, {
        "name" : "conf.dataFormatConfig.nullConstant",
        "value" : "\\\\N"
      }, {
        "name" : "conf.dataFormatConfig.xmlRecordElement",
        "value" : null
      }, {
        "name" : "conf.dataFormatConfig.includeFieldXpathAttributes",
        "value" : false
      }, {
        "name" : "conf.dataFormatConfig.xPathNamespaceContext",
        "value" : [ ]
      }, {
        "name" : "conf.dataFormatConfig.outputFieldAttributes",
        "value" : false
      }, {
        "name" : "conf.dataFormatConfig.xmlMaxObjectLen",
        "value" : 4096
      }, {
        "name" : "conf.dataFormatConfig.logMode",
        "value" : "COMMON_LOG_FORMAT"
      }, {
        "name" : "conf.dataFormatConfig.logMaxObjectLen",
        "value" : 1024
      }, {
        "name" : "conf.dataFormatConfig.retainOriginalLine",
        "value" : false
      }, {
        "name" : "conf.dataFormatConfig.customLogFormat",
        "value" : "%h %l %u %t \"%r\" %>s %b"
      }, {
        "name" : "conf.dataFormatConfig.regex",
        "value" : "^(\\S+) (\\S+) (\\S+) \\[([\\w:/]+\\s[+\\-]\\d{4})\\] \"(\\S+) (\\S+) (\\S+)\" (\\d{3}) (\\d+)"
      }, {
        "name" : "conf.dataFormatConfig.fieldPathsToGroupName",
        "value" : [ {
          "fieldPath" : "/",
          "group" : 1
        } ]
      }, {
        "name" : "conf.dataFormatConfig.grokPatternDefinition",
        "value" : null
      }, {
        "name" : "conf.dataFormatConfig.grokPattern",
        "value" : "%{COMMONAPACHELOG}"
      }, {
        "name" : "conf.dataFormatConfig.onParseError",
        "value" : "ERROR"
      }, {
        "name" : "conf.dataFormatConfig.maxStackTraceLines",
        "value" : 50
      }, {
        "name" : "conf.dataFormatConfig.enableLog4jCustomLogFormat",
        "value" : false
      }, {
        "name" : "conf.dataFormatConfig.log4jCustomLogFormat",
        "value" : "%r [%t] %-5p %c %x - %m%n"
      }, {
        "name" : "conf.dataFormatConfig.avroSchema",
        "value" : null
      }, {
        "name" : "conf.dataFormatConfig.schemaRegistryUrls",
        "value" : [ ]
      }, {
        "name" : "conf.dataFormatConfig.schemaLookupMode",
        "value" : "SUBJECT"
      }, {
        "name" : "conf.dataFormatConfig.subject",
        "value" : null
      }, {
        "name" : "conf.dataFormatConfig.schemaId",
        "value" : null
      }, {
        "name" : "conf.dataFormatConfig.protoDescriptorFile",
        "value" : null
      }, {
        "name" : "conf.dataFormatConfig.messageType",
        "value" : null
      }, {
        "name" : "conf.dataFormatConfig.isDelimited",
        "value" : true
      }, {
        "name" : "conf.dataFormatConfig.binaryMaxObjectLen",
        "value" : 1024
      }, {
        "name" : "conf.dataFormatConfig.datagramMode",
        "value" : "SYSLOG"
      }, {
        "name" : "conf.dataFormatConfig.typesDbPath",
        "value" : null
      }, {
        "name" : "conf.dataFormatConfig.convertTime",
        "value" : false
      }, {
        "name" : "conf.dataFormatConfig.excludeInterval",
        "value" : true
      }, {
        "name" : "conf.dataFormatConfig.authFilePath",
        "value" : null
      }, {
        "name" : "conf.dataFormatConfig.wholeFileMaxObjectLen",
        "value" : 8192
      }, {
        "name" : "conf.dataFormatConfig.rateLimit",
        "value" : "-1"
      }, {
        "name" : "conf.dataFormat",
        "value" : "DELIMITED"
      }, {
        "name" : "conf.spoolDir",
        "value" : "/tmp/streamsets/files"
      }, {
        "name" : "conf.pathMatcherMode",
        "value" : "GLOB"
      }, {
        "name" : "conf.filePattern",
        "value" : "data_*"
      }, {
        "name" : "conf.useLastModified",
        "value" : "LEXICOGRAPHICAL"
      }, {
        "name" : "conf.processSubdirectories",
        "value" : false
      }, {
        "name" : "conf.allowLateDirectory",
        "value" : false
      }, {
        "name" : "conf.overrunLimit",
        "value" : 128
      }, {
        "name" : "conf.batchSize",
        "value" : 1000
      }, {
        "name" : "conf.poolingTimeoutSecs",
        "value" : 600
      }, {
        "name" : "conf.maxSpoolFiles",
        "value" : 1000
      }, {
        "name" : "conf.initialFileToProcess",
        "value" : null
      }, {
        "name" : "conf.errorArchiveDir",
        "value" : null
      }, {
        "name" : "conf.postProcessing",
        "value" : "NONE"
      }, {
        "name" : "conf.archiveDir",
        "value" : null
      }, {
        "name" : "conf.retentionTimeMins",
        "value" : 0
      }, {
        "name" : "stageOnRecordError",
        "value" : "TO_ERROR"
      } ],
      "uiInfo" : {
        "yPos" : 51,
        "stageType" : "SOURCE",
        "rawSource" : {
          "configuration" : [ {
            "name" : "fileName",
            "value" : "/tmp/streamsets/files/data_abc.log"
          } ]
        },
        "description" : "",
        "label" : "source file",
        "xPos" : 42
      },
      "inputLanes" : [ ],
      "outputLanes" : [ "Directory_01OutputLane15108899435400" ],
      "eventLanes" : [ ]
    }, {
      "instanceName" : "DataParser_01",
      "library" : "streamsets-datacollector-basic-lib",
      "stageName" : "com_streamsets_pipeline_stage_processor_parser_DataParserDProcessor",
      "stageVersion" : "1",
      "configuration" : [ {
        "name" : "configs.fieldPathToParse",
        "value" : "[0]"
      }, {
        "name" : "configs.dataFormat",
        "value" : "JSON"
      }, {
        "name" : "configs.dataFormatConfig.compression",
        "value" : "NONE"
      }, {
        "name" : "configs.dataFormatConfig.filePatternInArchive",
        "value" : "*"
      }, {
        "name" : "configs.dataFormatConfig.charset",
        "value" : "UTF-8"
      }, {
        "name" : "configs.dataFormatConfig.removeCtrlChars",
        "value" : false
      }, {
        "name" : "configs.dataFormatConfig.textMaxLineLen",
        "value" : 1024
      }, {
        "name" : "configs.dataFormatConfig.useCustomDelimiter",
        "value" : false
      }, {
        "name" : "configs.dataFormatConfig.customDelimiter",
        "value" : "\\r\\n"
      }, {
        "name" : "configs.dataFormatConfig.includeCustomDelimiterInTheText",
        "value" : false
      }, {
        "name" : "configs.dataFormatConfig.jsonContent",
        "value" : "MULTIPLE_OBJECTS"
      }, {
        "name" : "configs.dataFormatConfig.jsonMaxObjectLen",
        "value" : 4096
      }, {
        "name" : "configs.dataFormatConfig.csvFileFormat",
        "value" : "CSV"
      }, {
        "name" : "configs.dataFormatConfig.csvHeader",
        "value" : "NO_HEADER"
      }, {
        "name" : "configs.dataFormatConfig.csvMaxObjectLen",
        "value" : 1024
      }, {
        "name" : "configs.dataFormatConfig.csvAllowExtraColumns",
        "value" : false
      }, {
        "name" : "configs.dataFormatConfig.csvExtraColumnPrefix",
        "value" : "_extra_"
      }, {
        "name" : "configs.dataFormatConfig.csvCustomDelimiter",
        "value" : "|"
      }, {
        "name" : "configs.dataFormatConfig.csvCustomEscape",
        "value" : "\\"
      }, {
        "name" : "configs.dataFormatConfig.csvCustomQuote",
        "value" : "\""
      }, {
        "name" : "configs.dataFormatConfig.csvEnableComments",
        "value" : false
      }, {
        "name" : "configs.dataFormatConfig.csvCommentMarker",
        "value" : "#"
      }, {
        "name" : "configs.dataFormatConfig.csvIgnoreEmptyLines",
        "value" : true
      }, {
        "name" : "configs.dataFormatConfig.csvRecordType",
        "value" : "LIST_MAP"
      }, {
        "name" : "configs.dataFormatConfig.csvSkipStartLines",
        "value" : 0
      }, {
        "name" : "configs.dataFormatConfig.parseNull",
        "value" : false
      }, {
        "name" : "configs.dataFormatConfig.nullConstant",
        "value" : "\\\\N"
      }, {
        "name" : "configs.dataFormatConfig.xmlRecordElement",
        "value" : null
      }, {
        "name" : "configs.dataFormatConfig.includeFieldXpathAttributes",
        "value" : false
      }, {
        "name" : "configs.dataFormatConfig.xPathNamespaceContext",
        "value" : [ ]
      }, {
        "name" : "configs.dataFormatConfig.outputFieldAttributes",
        "value" : false
      }, {
        "name" : "configs.dataFormatConfig.xmlMaxObjectLen",
        "value" : 4096
      }, {
        "name" : "configs.dataFormatConfig.logMode",
        "value" : "COMMON_LOG_FORMAT"
      }, {
        "name" : "configs.dataFormatConfig.logMaxObjectLen",
        "value" : 1024
      }, {
        "name" : "configs.dataFormatConfig.retainOriginalLine",
        "value" : false
      }, {
        "name" : "configs.dataFormatConfig.customLogFormat",
        "value" : "%h %l %u %t \"%r\" %>s %b"
      }, {
        "name" : "configs.dataFormatConfig.regex",
        "value" : "^(\\S+) (\\S+) (\\S+) \\[([\\w:/]+\\s[+\\-]\\d{4})\\] \"(\\S+) (\\S+) (\\S+)\" (\\d{3}) (\\d+)"
      }, {
        "name" : "configs.dataFormatConfig.fieldPathsToGroupName",
        "value" : [ {
          "fieldPath" : "/",
          "group" : 1
        } ]
      }, {
        "name" : "configs.dataFormatConfig.grokPatternDefinition",
        "value" : null
      }, {
        "name" : "configs.dataFormatConfig.grokPattern",
        "value" : "%{COMMONAPACHELOG}"
      }, {
        "name" : "configs.dataFormatConfig.onParseError",
        "value" : "ERROR"
      }, {
        "name" : "configs.dataFormatConfig.maxStackTraceLines",
        "value" : 50
      }, {
        "name" : "configs.dataFormatConfig.enableLog4jCustomLogFormat",
        "value" : false
      }, {
        "name" : "configs.dataFormatConfig.log4jCustomLogFormat",
        "value" : "%r [%t] %-5p %c %x - %m%n"
      }, {
        "name" : "configs.dataFormatConfig.avroSchemaSource",
        "value" : null
      }, {
        "name" : "configs.dataFormatConfig.avroSchema",
        "value" : null
      }, {
        "name" : "configs.dataFormatConfig.schemaRegistryUrls",
        "value" : [ ]
      }, {
        "name" : "configs.dataFormatConfig.schemaLookupMode",
        "value" : "SUBJECT"
      }, {
        "name" : "configs.dataFormatConfig.subject",
        "value" : null
      }, {
        "name" : "configs.dataFormatConfig.schemaId",
        "value" : null
      }, {
        "name" : "configs.dataFormatConfig.protoDescriptorFile",
        "value" : null
      }, {
        "name" : "configs.dataFormatConfig.messageType",
        "value" : null
      }, {
        "name" : "configs.dataFormatConfig.isDelimited",
        "value" : true
      }, {
        "name" : "configs.dataFormatConfig.binaryMaxObjectLen",
        "value" : 1024
      }, {
        "name" : "configs.dataFormatConfig.datagramMode",
        "value" : "SYSLOG"
      }, {
        "name" : "configs.dataFormatConfig.typesDbPath",
        "value" : null
      }, {
        "name" : "configs.dataFormatConfig.convertTime",
        "value" : false
      }, {
        "name" : "configs.dataFormatConfig.excludeInterval",
        "value" : true
      }, {
        "name" : "configs.dataFormatConfig.authFilePath",
        "value" : null
      }, {
        "name" : "configs.dataFormatConfig.wholeFileMaxObjectLen",
        "value" : 8192
      }, {
        "name" : "configs.dataFormatConfig.rateLimit",
        "value" : "-1"
      }, {
        "name" : "configs.dataFormatConfig.verifyChecksum",
        "value" : false
      }, {
        "name" : "configs.parsedFieldPath",
        "value" : ""
      }, {
        "name" : "configs.multipleValuesBehavior",
        "value" : "FIRST_ONLY"
      }, {
        "name" : "stageOnRecordError",
        "value" : "TO_ERROR"
      }, {
        "name" : "stageRequiredFields",
        "value" : [ "[0]" ]
      }, {
        "name" : "stageRecordPreconditions",
        "value" : [ ]
      } ],
      "uiInfo" : {
        "description" : "",
        "label" : "Data Parser 1",
        "xPos" : 315,
        "yPos" : 51,
        "stageType" : "PROCESSOR"
      },
      "inputLanes" : [ "Directory_01OutputLane15108899435400" ],
      "outputLanes" : [ "DataParser_01OutputLane15108903199610" ],
      "eventLanes" : [ ]
    }, {
      "instanceName" : "LocalFS_01",
      "library" : "streamsets-datacollector-basic-lib",
      "stageName" : "com_streamsets_pipeline_stage_destination_localfilesystem_LocalFileSystemDTarget",
      "stageVersion" : "3",
      "configuration" : [ {
        "name" : "configs.uniquePrefix",
        "value" : "sdc-${sdc:id()}"
      }, {
        "name" : "configs.fileNameSuffix",
        "value" : null
      }, {
        "name" : "configs.dirPathTemplateInHeader",
        "value" : false
      }, {
        "name" : "configs.dirPathTemplate",
        "value" : "/tmp/out/${YYYY()}-${MM()}-${DD()}-${hh()}"
      }, {
        "name" : "configs.timeZoneID",
        "value" : "UTC"
      }, {
        "name" : "configs.timeDriver",
        "value" : "${time:now()}"
      }, {
        "name" : "configs.maxRecordsPerFile",
        "value" : 0
      }, {
        "name" : "configs.maxFileSize",
        "value" : 0
      }, {
        "name" : "configs.idleTimeout",
        "value" : "${1 * HOURS}"
      }, {
        "name" : "configs.compression",
        "value" : "NONE"
      }, {
        "name" : "configs.otherCompression",
        "value" : null
      }, {
        "name" : "configs.fileType",
        "value" : "TEXT"
      }, {
        "name" : "configs.keyEl",
        "value" : "${uuid()}"
      }, {
        "name" : "configs.lateRecordsLimit",
        "value" : "${1 * HOURS}"
      }, {
        "name" : "configs.rollIfHeader",
        "value" : false
      }, {
        "name" : "configs.rollHeaderName",
        "value" : "roll"
      }, {
        "name" : "configs.lateRecordsAction",
        "value" : "SEND_TO_ERROR"
      }, {
        "name" : "configs.lateRecordsDirPathTemplate",
        "value" : "/tmp/late/${YYYY()}-${MM()}-${DD()}"
      }, {
        "name" : "configs.dataFormat",
        "value" : "TEXT"
      }, {
        "name" : "configs.hdfsPermissionCheck",
        "value" : true
      }, {
        "name" : "configs.permissionEL",
        "value" : null
      }, {
        "name" : "configs.skipOldTempFileRecovery",
        "value" : false
      }, {
        "name" : "configs.dataGeneratorFormatConfig.charset",
        "value" : "UTF-8"
      }, {
        "name" : "configs.dataGeneratorFormatConfig.csvFileFormat",
        "value" : "CSV"
      }, {
        "name" : "configs.dataGeneratorFormatConfig.csvHeader",
        "value" : "NO_HEADER"
      }, {
        "name" : "configs.dataGeneratorFormatConfig.csvReplaceNewLines",
        "value" : true
      }, {
        "name" : "configs.dataGeneratorFormatConfig.csvReplaceNewLinesString",
        "value" : " "
      }, {
        "name" : "configs.dataGeneratorFormatConfig.csvCustomDelimiter",
        "value" : "|"
      }, {
        "name" : "configs.dataGeneratorFormatConfig.csvCustomEscape",
        "value" : "\\"
      }, {
        "name" : "configs.dataGeneratorFormatConfig.csvCustomQuote",
        "value" : "\""
      }, {
        "name" : "configs.dataGeneratorFormatConfig.jsonMode",
        "value" : "MULTIPLE_OBJECTS"
      }, {
        "name" : "configs.dataGeneratorFormatConfig.textFieldPath",
        "value" : "/text"
      }, {
        "name" : "configs.dataGeneratorFormatConfig.textRecordSeparator",
        "value" : "\\n"
      }, {
        "name" : "configs.dataGeneratorFormatConfig.textFieldMissingAction",
        "value" : "ERROR"
      }, {
        "name" : "configs.dataGeneratorFormatConfig.textEmptyLineIfNull",
        "value" : false
      }, {
        "name" : "configs.dataGeneratorFormatConfig.avroSchemaSource",
        "value" : null
      }, {
        "name" : "configs.dataGeneratorFormatConfig.avroSchema",
        "value" : null
      }, {
        "name" : "configs.dataGeneratorFormatConfig.registerSchema",
        "value" : false
      }, {
        "name" : "configs.dataGeneratorFormatConfig.schemaRegistryUrlsForRegistration",
        "value" : [ ]
      }, {
        "name" : "configs.dataGeneratorFormatConfig.schemaRegistryUrls",
        "value" : [ ]
      }, {
        "name" : "configs.dataGeneratorFormatConfig.schemaLookupMode",
        "value" : "SUBJECT"
      }, {
        "name" : "configs.dataGeneratorFormatConfig.subject",
        "value" : null
      }, {
        "name" : "configs.dataGeneratorFormatConfig.subjectToRegister",
        "value" : null
      }, {
        "name" : "configs.dataGeneratorFormatConfig.schemaId",
        "value" : null
      }, {
        "name" : "configs.dataGeneratorFormatConfig.avroCompression",
        "value" : "NULL"
      }, {
        "name" : "configs.dataGeneratorFormatConfig.binaryFieldPath",
        "value" : "/"
      }, {
        "name" : "configs.dataGeneratorFormatConfig.protoDescriptorFile",
        "value" : null
      }, {
        "name" : "configs.dataGeneratorFormatConfig.messageType",
        "value" : null
      }, {
        "name" : "configs.dataGeneratorFormatConfig.fileNameEL",
        "value" : null
      }, {
        "name" : "configs.dataGeneratorFormatConfig.wholeFileExistsAction",
        "value" : "TO_ERROR"
      }, {
        "name" : "configs.dataGeneratorFormatConfig.includeChecksumInTheEvents",
        "value" : false
      }, {
        "name" : "configs.dataGeneratorFormatConfig.checksumAlgorithm",
        "value" : "MD5"
      }, {
        "name" : "configs.dataGeneratorFormatConfig.xmlPrettyPrint",
        "value" : true
      }, {
        "name" : "configs.dataGeneratorFormatConfig.xmlValidateSchema",
        "value" : false
      }, {
        "name" : "configs.dataGeneratorFormatConfig.xmlSchema",
        "value" : null
      }, {
        "name" : "stageOnRecordError",
        "value" : "TO_ERROR"
      }, {
        "name" : "stageRequiredFields",
        "value" : [ ]
      }, {
        "name" : "stageRecordPreconditions",
        "value" : [ ]
      } ],
      "uiInfo" : {
        "description" : "",
        "label" : "destination directory",
        "xPos" : 612,
        "yPos" : 52,
        "stageType" : "TARGET"
      },
      "inputLanes" : [ "DataParser_01OutputLane15108903199610" ],
      "outputLanes" : [ ],
      "eventLanes" : [ ]
    } ],
    "errorStage" : {
      "instanceName" : "WritetoFile_ErrorStage",
      "library" : "streamsets-datacollector-basic-lib",
      "stageName" : "com_streamsets_pipeline_stage_destination_recordstolocalfilesystem_ToErrorLocalFSDTarget",
      "stageVersion" : "1",
      "configuration" : [ {
        "name" : "directory",
        "value" : "/tmp/streamsets/errorlog"
      }, {
        "name" : "uniquePrefix",
        "value" : "sdc-${sdc:id()}"
      }, {
        "name" : "rotationIntervalSecs",
        "value" : "${1 * HOURS}"
      }, {
        "name" : "maxFileSizeMbs",
        "value" : 512
      } ],
      "uiInfo" : {
        "description" : "",
        "label" : "Error Records - Write to File",
        "xPos" : 60,
        "yPos" : 50,
        "stageType" : "TARGET"
      },
      "inputLanes" : [ ],
      "outputLanes" : [ ],
      "eventLanes" : [ ]
    },
    "info" : {
      "pipelineId" : "FirstPipeline7bb2d9bd-e2dd-4fc3-909f-581607d9a0fa",
      "title" : "FirstPipeline",
      "description" : "",
      "created" : 1510889765620,
      "lastModified" : 1511328838945,
      "creator" : "admin",
      "lastModifier" : "admin",
      "lastRev" : "0",
      "uuid" : "b70a8782-aaa6-410d-9fdb-2fc5e3f4659c",
      "valid" : true,
      "metadata" : {
        "labels" : [ ]
      },
      "name" : "FirstPipeline7bb2d9bd-e2dd-4fc3-909f-581607d9a0fa",
      "sdcVersion" : "2.7.2.0",
      "sdcId" : "1817d171-cb47-11e7-bac6-c1b15ae521af"
    },
    "metadata" : {
      "labels" : [ ]
    },
    "statsAggregatorStage" : {
      "instanceName" : "WritetoDPMdirectly_StatsAggregatorStage",
      "library" : "streamsets-datacollector-basic-lib",
      "stageName" : "com_streamsets_pipeline_stage_destination_devnull_StatsDpmDirectlyDTarget",
      "stageVersion" : "1",
      "configuration" : [ ],
      "uiInfo" : {
        "description" : "",
        "label" : "Stats Aggregator - Write to DPM directly",
        "xPos" : 60,
        "yPos" : 50,
        "stageType" : "TARGET"
      },
      "inputLanes" : [ ],
      "outputLanes" : [ ],
      "eventLanes" : [ ]
    },
    "startEventStages" : [ {
      "instanceName" : "Discard_StartEventStage",
      "library" : "streamsets-datacollector-basic-lib",
      "stageName" : "com_streamsets_pipeline_stage_destination_devnull_ToErrorNullDTarget",
      "stageVersion" : "1",
      "configuration" : [ ],
      "uiInfo" : {
        "description" : "",
        "label" : "Start Event - Discard",
        "xPos" : 60,
        "yPos" : 50,
        "stageType" : "TARGET"
      },
      "inputLanes" : [ ],
      "outputLanes" : [ ],
      "eventLanes" : [ ]
    } ],
    "stopEventStages" : [ {
      "instanceName" : "Discard_StopEventStage",
      "library" : "streamsets-datacollector-basic-lib",
      "stageName" : "com_streamsets_pipeline_stage_destination_devnull_ToErrorNullDTarget",
      "stageVersion" : "1",
      "configuration" : [ ],
      "uiInfo" : {
        "description" : "",
        "label" : "Stop Event - Discard",
        "xPos" : 60,
        "yPos" : 50,
        "stageType" : "TARGET"
      },
      "inputLanes" : [ ],
      "outputLanes" : [ ],
      "eventLanes" : [ ]
    } ],
    "issues" : {
      "pipelineIssues" : [ ],
      "stageIssues" : { },
      "issueCount" : 0
    },
    "valid" : true,
    "previewable" : false
  },
  "pipelineRules" : {
    "schemaVersion" : 3,
    "version" : 2,
    "metricsRuleDefinitions" : [ {
      "id" : "badRecordsAlertID",
      "alertText" : "High incidence of Error Records",
      "metricId" : "pipeline.batchErrorRecords.counter",
      "metricType" : "COUNTER",
      "metricElement" : "COUNTER_COUNT",
      "condition" : "${value() > 100}",
      "sendEmail" : false,
      "enabled" : false,
      "timestamp" : 1510889765708,
      "valid" : true
    }, {
      "id" : "stageErrorAlertID",
      "alertText" : "High incidence of Stage Errors",
      "metricId" : "pipeline.batchErrorMessages.counter",
      "metricType" : "COUNTER",
      "metricElement" : "COUNTER_COUNT",
      "condition" : "${value() > 100}",
      "sendEmail" : false,
      "enabled" : false,
      "timestamp" : 1510889765708,
      "valid" : true
    }, {
      "id" : "idleGaugeID",
      "alertText" : "Pipeline is Idle",
      "metricId" : "RuntimeStatsGauge.gauge",
      "metricType" : "GAUGE",
      "metricElement" : "TIME_OF_LAST_RECEIVED_RECORD",
      "condition" : "${time:now() - value() > 120000}",
      "sendEmail" : false,
      "enabled" : false,
      "timestamp" : 1510889765708,
      "valid" : true
    }, {
      "id" : "batchTimeAlertID",
      "alertText" : "Batch taking more time to process",
      "metricId" : "RuntimeStatsGauge.gauge",
      "metricType" : "GAUGE",
      "metricElement" : "CURRENT_BATCH_AGE",
      "condition" : "${value() > 200}",
      "sendEmail" : false,
      "enabled" : false,
      "timestamp" : 1510889765708,
      "valid" : true
    }, {
      "id" : "memoryLimitAlertID",
      "alertText" : "Memory limit for pipeline exceeded",
      "metricId" : "pipeline.memoryConsumed.counter",
      "metricType" : "COUNTER",
      "metricElement" : "COUNTER_COUNT",
      "condition" : "${value() > (jvm:maxMemoryMB() * 0.65)}",
      "sendEmail" : false,
      "enabled" : false,
      "timestamp" : 1510889765708,
      "valid" : true
    } ],
    "dataRuleDefinitions" : [ ],
    "driftRuleDefinitions" : [ ],
    "uuid" : "c67e6e46-c018-488c-9e79-f21ce5796b0f",
    "configuration" : [ {
      "name" : "emailIDs",
      "value" : [ ]
    }, {
      "name" : "webhookConfigs",
      "value" : [ ]
    } ],
    "ruleIssues" : [ ],
    "configIssues" : [ ]
  },
  "libraryDefinitions" : null
}